,Name,Party
0,ABBAS BIN ABU AMIN,People's Action Party
1,ABDUL AZIZ BIN KARIM,People's Action Party
2,ABDUL HAMID BIN JUMAT,United Malays National Organisation
3,ABDUL HAMID BIN RAHMAT,Progressive Party
4,ABDUL KARIM BIN ABDUL SATTAR,Pertubuhan Kebangsaan Melayu Singapura
5,ABDUL LATIFF BIN IBRAHIM,Partai Rakyat
6,ABDUL MALIK BIN ALI,National Solidarity Party
7,ABDUL NASSER BIN KAMARUDDIN,People's Action Party
8,ABDUL RAHIM BIN ABDUL RAHMAN,Workers' Party
9,ABDUL RAHIM BIN ISHAK,People's Action Party
10,ABDUL RAHIM BIN OSMAN,Singapore Democratic Alliance
11,ABDUL RAHMAN BIN MOHAMAD,Singapore Democratic Alliance
12,ABDUL RAHMAN BIN MOHAMED SAID,Singapore Alliance
13,ABDUL RAHMAN BIN MOHAMED ZIN,Pertubuhan Kebangsaan Melayu Singapura
14,ABDUL RASHEED Y. ABDUL KUTHUS,National Solidarity Party
15,ABDUL SALIM BIN HARUN,National Solidarity Party
16,ABDUL BIN SAMAT,Progressive Party
17,ABDULLAH BIN MASOOD,United People's Party
18,ABDULLAH BIN TARMUGI,People's Action Party
19,ABDULLAH  VALIYA PURAYIL,Labour Party
20,ABU BIN MOHAMED,Singapore Democratic Alliance
21,AHMAD JABRI BIN MOHAMMAD AKIB,Singapore Alliance
22,AHMAD KHALIS BIN ABDUL GHANI,People's Action Party
23,AHMAD BIN HAJI TAFF,Pertubuhan Kebangsaan Melayu Singapura
24,AHMAD BIN IBRAHIM,People's Action Party
25,AHMAD BIN ISMAIL,Labour Front
26,AHMAD BIN MOHAMED IBRAHIM,Independent
27,AHMAD BIN MOHAMED MAGAD,People's Action Party
28,AHMAD BIN MOHAMED MATTAR,People's Action Party
29,AHMAD BIN MOHAMED YATIM,Labour Front
30,AHMAD BIN RAHMAT,Singapore Alliance
31,AHMAN BIN HAJI SUBRI,Malay Union
32,AL-JUNIED  SYED HASSAN,Progressive Party
33,ALEXANDER  T. T. K.,Malayan Indian Congress
34,ALHABSHI  SYED HARON A.,United Malays National Organisation
35,ALMENOAR  SYED ESA,Singapore Alliance
36,AMINUDDIN BIN AMI,"Justice Party, Singapore"
37,AMIR ALI BIN MOHAMED,United National Front
38,AMNAH BINTE KUONG HUSSEIN,Pertubuhan Kebangsaan Melayu Singapura
39,AMRIN BIN AMIN,People's Action Party
40,ANANG BIN HAJI A. MANAN,Singapore Alliance
41,ANG BEE LIAN,United People's Front
42,ANG HIN KEE,People's Action Party
43,ANG KHENG KWAN,United National Front
44,ANG KHYE CHIA,Liberal Socialist Party
45,ANG KOK PENG,People's Action Party
46,ANG MENG GEE,Workers' Party
47,ANG MONG SENG,People's Action Party
48,ANG NAM PIAU,People's Action Party
49,ANG WEI NENG,People's Action Party
50,ANG YONG GUAN,Singaporeans First
51,APPAVOO  KUMAR,Reform Party
52,APPAVOO  PAKRI,Singapore Alliance
53,ARIFFIN BIN MOHD SAID,Independent
54,ARIFFIN BIN NOORDIN,Workers' Party
55,ARMSTRONG  GEORGE BENJAMIN,Workers' Party
56,ATIM BIN ISMAIL,United People's Front
57,AVADAI DHANAMLAKSHIMI-DEVAN NAIR,People's Action Party
58,BAEY YAM KENG,People's Action Party
59,BAHARUDDIN BIN MOHAMED ARIFF,People's Action Party
60,BALAJI SADASIVAN,People's Action Party
61,BALAKRISHNAN ANANTHAN,Workers' Party
62,BALWANT SINGH BAJAJ,Independent
63,BANI  S. THENDAYATHA,Barisan Sosialis
64,BAPTIST  HARRY WILLIAM,Independent
65,BAPTIST  IVAN CUTHBERT,People's Action Party
66,BARKER  EDMUND WILLIAM,People's Action Party
67,BE 1981ANSON1.0%,United People's Front
68,BE 1981ANSON51.9%,Workers' Party
69,BE 1992MARINE PARADE GRC72.9%,People's Action Party
70,BENG KIAN LAM  ARTHUR,People's Action Party
71,BRAGA  ARMAND JOSEPH,Labour Front
72,BRASH  MURRAY BRUCE,Democratic Party
73,BUANG BIN OMAR JUNID,People's Action Party
74,BYRNE  KENNETH MICHAEL,People's Action Party
75,CH'NG JIT KOON,People's Action Party
76,CHAI CHONG YII,People's Action Party
77,CHAN AH WING,Liberal Socialist Party
78,CHAN CHEE SENG,People's Action Party
79,CHAN CHONG KEEN,Barisan Sosialis
80,CHAN CHOY SIONG,People's Action Party
81,CHAN CHUN SING,People's Action Party
82,CHAN KENG SIENG,Workers' Party
83,CHAN KOOI CHEW,Independent
84,CHAN KUM CHEE,Progressive Party
85,CHAN SIO PHING  FRIEDAR,Workers' Party
86,CHAN SOO SEN,People's Action Party
87,CHAN SUN WING,Barisan Sosialis
88,CHAN WAH CHIP,Democratic Party
89,CHAN WEI LING  CHERYL,People's Action Party
90,CHAN YENG CHEONG,National Solidarity Party
91,CHAN YOKE KWONG ROBERT,United Front
92,CHAN  MIKE,Workers' Party
93,CHANDRA DAS RAJAGOPAL SITARAM,People's Action Party
94,CHANG YUEH THONG,Workers' Party
95,CHAU SIK TING,People's Action Party
96,CHAY WAI CHUEN,People's Action Party
97,CHEAH KIM BEE,Independent
98,CHEE HONG TAT,People's Action Party
99,CHEE PHUI HUNG,Singapore Alliance
100,CHEE SIOK CHIN GINA,Singapore Democratic Party
101,CHEE SOON JUAN,Singapore Democratic Party
102,CHEN CHIA KUANG,United People's Party
103,CHEN JIAXI BERNARD,Workers' Party
104,CHEN KOON LAP  KENNETH,People's Action Party
105,CHEN MIN LIANG  PETER,People's Action Party
106,CHEN POH CHANG,Barisan Sosialis
107,CHEN SEOW PHUN  JOHN,People's Action Party
108,CHEN SHOW MAO,Workers' Party
109,CHEN TIEN LAP  BERNARD,People's Action Party
110,CHENG LI HUI,People's Action Party
111,CHENG POH YEW,Workers' Party
112,CHEO CHAI CHEN,National Solidarity Party
113,CHEONG HOCK CHYE,Progressive Party
114,CHEONG MIN CHEE,Workers' Party
115,CHEONG YUEN CHEE  ERIC,People's Action Party
116,CHETTY RAJAH,United Front
117,CHEW CHIN HAN,People's Action Party
118,CHEW HENG CHING,People's Action Party
119,CHEW SENG,Singapore People's Alliance
120,CHEW SWEE KEE,Labour Front
121,CHEW  DAVID,Singapore Democratic Party
122,CHIA BAN WEI,Singapore Alliance
123,CHIA CHEE BUANG,Malayan Chinese Association
124,CHIA KIAH HONG  STEVE,National Solidarity Party
125,CHIA SHI LU,People's Action Party
126,CHIA SHI TECK,Independent
127,CHIA THYE POH,Barisan Sosialis
128,CHIA TI LIK,Workers' Party
129,CHIA YANG LOONG,Barisan Sosialis
130,CHIA YECK POH JOACHIM,Liberal Socialist Party
131,CHIAM PAN BOON,Independent
132,CHIAM SEE TONG,Singapore People's Party
133,CHIAM YEOW JUAN JOHN,Workers' Party
134,CHIANG HAI DING,People's Action Party
135,CHIANG SEOK KEONG,Workers' Party
136,CHIDAMBARAM  M. K.,Independent
137,CHIN HARN TONG,People's Action Party
138,CHIN TET YUNG,People's Action Party
139,CHIN TIAN CHOO,Workers' Party
140,CHIO CHENG THUN,Barisan Sosialis
141,CHISTY  SYED MOHAMED ABDUL HAMEED,Independent
142,CHIU WENG HOE  MELVYN,Singaporeans First
143,CHNG BOON ENG,United National Front
144,CHNG CHIN SIAH,National Solidarity Party
145,CHNG HEE KOK,People's Action Party
146,CHNG WEE HONG MICHAEL,National Solidarity Party
147,CHON KOON CHEONG,Workers' Party
148,CHONG CHAM WENG WATSON,Workers' Party
149,CHONG FOH YIN  HENRY,Independent
150,CHONG KEE HIONG,People's Action Party
151,CHONG THUTT PITT,Progressive Party
152,CHONG TUNG SHANG,Workers' Party
153,CHONG WAI FUNG,Singapore Democratic Party
154,CHONG WEE LING,Liberal Socialist Party
155,CHONG WENG CHIEW,People's Action Party
156,CHONG YOU FOOK  CHARLES,People's Action Party
157,CHONG-ARULDOSS YEAN YOONG  JEANNETTE FLORINA,Singapore People's Party
158,CHOO PEY CHING  DESMOND,People's Action Party
159,CHOO WEE KHIANG,People's Action Party
160,CHOO YEOK KOON,Independent
161,CHOONG CHEE KWONG,Workers' Party
162,CHOONG HON HENG,National Solidarity Party
163,CHOR YEOK ENG,People's Action Party
164,CHOW CHIOK HOCK,People's Action Party
165,CHOY KOK WAH,Singapore Alliance
166,CHOY-YONG SU MEI  ELIZABETH,Progressive Party
167,CHUA BOCK KWEE,Liberal Socialist Party
168,CHUA BOON ENG  EDWARD,Workers' Party
169,CHUA CHIN KIAT,Workers' Party
170,CHUA CHWEE HUAT  PETER,Workers' Party
171,CHUA ENG HUAT,Workers' Party
172,CHUA ENG LEONG,People's Action Party
173,CHUA KENG ENG,Liberal Socialist Party
174,CHUA KIM KEE,Liberal Socialist Party
175,CHUA KIM TOH,Independent
176,CHUA KIM WATT,Independent
177,CHUA KIM YEOW,Presidential Office
178,CHUA NGUAN KEY,United Front
179,CHUA SENG KIAN,Liberal Socialist Party
180,CHUA SENG KIM-SEOW PECK LENG,Singapore Alliance
181,CHUA SIAN CHIN,People's Action Party
182,COOK  WILLIAM JAMES,United Front
183,CORERA  JOHN CRUZ,Workers' Party
184,CRABB  CHARLES HARRY,Workers' Party
185,D' CRUZ  ANTHONY,Workers' Party
186,DAMANHURI BIN ABAS,Singapore Democratic Party
187,DARUS BIN SHARIFF,United People's Front
188,DASARATHA RAJ CARALAPATI RAGHAVIAH,Independent
189,DAUD BIN MOHAMED YUNOS,Independent
190,DAVID  DARRYL WILSON,People's Action Party
191,DAVIES  EDWARD VETHANAYAGAM,Labour Party
192,DAVINDER SINGH AMAR SINGH,People's Action Party
193,DE CONCEICAO  JOSEPH FRANCIS,People's Action Party
194,DE GRACIAS  GERTRUDE MAGDELINE,National Solidarity Party
195,DE SILVA  H. A.,Progressive Party
196,DE SOUZA  CHRISTOPHER JAMES,People's Action Party
197,DE WIND  FREDERICK,Workers' Party
198,DESAI  CHIRAG PRAFUL,Singaporeans First
199,DEVAN NAIR  CHENGARA VEETIL,People's Action Party
200,DHANABALAN SUPPIAH,People's Action Party
201,DHARMARAJOO  S. R.,People's Action Party
202,EDE  JOHN ANTHONY MOORE,Progressive Party
203,ELISHA  PAUL,United National Front
204,ENG CHAU SAM,United People's Party
205,ESS  CUTHBERT FRANCIS JOSEPH,United Malays National Organisation
206,EU-CHIA CHENG LI  PHYLLIS,Progressive Party
207,FATIMAH NOR BINTE GOLAM SHAWAL,Malay Union
208,FATIMAH BINTE ABDUL LATEEF,People's Action Party
209,FERNANDEZ  T. R.,Independent
210,FERNANDEZ  VICTOR LOUIS,Labour Front
211,FIRUZ KHAN MOKLIS KHAN,Workers' Party
212,FOK TAI LOY,Singapore Democratic Party
213,FONG CHIN LEONG RENO,National Solidarity Party
214,FONG JEN  ARTHUR,People's Action Party
215,FONG KIM HENG,People's Action Party
216,FONG SIP CHEE  ANDREW,People's Action Party
217,FOO CHEE KENG  CEDRIC,People's Action Party
218,FOO FEW TING,Progressive Party
219,FOO HO FANG,Liberal Socialist Party
220,FOO KOK WAH VICTOR,Singapore Democratic Alliance
221,FOO MEE HAR,People's Action Party
222,FOO MING JIN  DAVID,Singaporeans First
223,FOO SECK GUAN KENNETH,Workers' Party
224,FU HAI YIEN  GRACE,People's Action Party
225,FUNG YIN CHING,Barisan Sosialis
226,GAN ENG GUAN  JOHN,Workers' Party
227,GAN KIM YONG,People's Action Party
228,GAN LAI CHIANG  ANDY,People's Action Party
229,GAN THIAM POH,People's Action Party
230,GANDHI KARUPPIAH AMBALAM,Singapore Democratic Party
231,GAW SIEN KHIAN GEORGE,Progressive Party
232,GAY WAN GUAY,Liberal Socialist Party
233,GHOWS  S. G. MOHAMED,Progressive Party
234,GIAM LAI CHENG,United People's Front
235,GIAM YEAN SONG  GERALD,Workers' Party
236,GNAGURU THAMBOO MYLVAGANAM,Independent
237,GO HUI LENG JASLYN,Singapore Democratic Party
238,GOH CHEE WEE,People's Action Party
239,GOH CHEW CHUA,People's Action Party
240,GOH CHOK TONG,People's Action Party
241,GOH CHOON KANG,People's Action Party
242,GOH HIN SHONG,Singapore People's Alliance
243,GOH HONG KENG,United People's Party
244,GOH HOOD KIAT,Independent
245,GOH KENG SWEE ROBERT,People's Action Party
246,GOH KEOW WAH GILBERT,Reform Party
247,GOH KONG BENG,Singapore People's Alliance
248,GOH LAM SAN,Barisan Sosialis
249,GOH MENG SENG,People's Power Party
250,GOH NEE KIM,United People's Party
251,GOH PEI SIONG  DANIEL,Workers' Party
252,GOH SENG SOON,Workers' Party
253,GOH SOO MING,United People's Party
254,GOH SU CHIANG,Singapore Alliance
255,GOH TENG HOON,Workers' Party
256,GOH TONG LIANG,Independent
257,GOH YEOW DEK,Singapore Alliance
258,GOH  ANTHONY,Democratic Party
259,GOHO  SRISH CHANDRA,Independent
260,GOMEZ  JAMES,Singapore Democratic Party
261,GONZALES  RAPHAEL ALFRED,People's Action Party
262,GOPAL KRISHNAN,Workers' Party
263,GOPALAN NAIR NANUPILLAI,Labour Party
264,GOPALAN NAIR PALLICHADATH,Workers' Party
265,GOSAIN  GOPAL KRISHNAN,Liberal Socialist Party
266,GOVINDASAMY GOPAL,Independent
267,GOVINDASAMY  N. NAIDU,People's Action Party
268,GOVINDASWAMY PERUMAL,People's Action Party
269,GUOK SING INN,Independent
270,GURMIT SINGH SADHU SINGH,Workers' Party
271,HALIMAH BINTE YACOB,Presidential Office
272,HAMID  K. MOHD S.,Progressive Party
273,HAMID  S. A.,United National Front
274,HAN HUI HUI,Independent
275,HAN SU MAY  GLENDA,Workers' Party
276,HARBANS SINGH,United People's Front
277,HARMINDER PAL SINGHGURCHARAN SINGH,Singapore Democratic Alliance
278,HARNEK SINGH,United National Front
279,HARUN BIN ABDUL GHANI,People's Action Party
280,HARUN BIN MOHAMED AMIN,Partai Rakyat
281,HASHIM BIN MUKAYAT,United People's Front
282,HASHIM BIN YADI,Workers' Party
283,HAWAZI BIN DAIPI,People's Action Party
284,HE TINGRU,Workers' Party
285,HENG CHEE HOW,People's Action Party
286,HENG CHIANG MENG,People's Action Party
287,HENG SWEE KEAT,People's Action Party
288,HENG SWEE TONG,Workers' Party
289,HO CHENG CHOON,People's Action Party
290,HO GEOK CHOO  MADELEINE,People's Action Party
291,HO JUAN THAI,Workers' Party
292,HO KAH LEONG,People's Action Party
293,HO KOK HOE,Labour Front
294,HO PENG KEE,People's Action Party
295,HO S. F.,Progressive Party
296,HO SEE BENG,People's Action Party
297,HO SOAK HARN,Reform Party
298,HO SOO HOCK,United National Front
299,HO TAT KIN,People's Action Party
300,HOE BOON TECK,Workers' Party
301,HOE PUAY CHOO,People's Action Party
302,HOLLOWAY  EDWARD HENRY,Liberal Socialist Party
303,HON SUI SEN BENEDICT,People's Action Party
304,HONG HAI,People's Action Party
305,HOOI BENG GUAN,Liberal Socialist Party
306,HOW KANG YONG,People's Action Party
307,HOWE YOON CHONG,People's Action Party
308,HRI KUMAR SANGARAN NAIR,People's Action Party
309,HSIEH SHAO AN ROBERT,Singapore Alliance
310,HU TSU TAU RICHARD,People's Action Party
311,HUANG SEOW KWANG,Workers' Party
312,HUSSAIN  SYED MUMTAZ,Independent
313,HWANG BAN CHEONG,United Front
314,HWANG CHENG PENG,Liberal Socialist Party
315,HWANG SOO JIN,People's Action Party
316,IBRAHIM BIN ARIFF,Pertubuhan Kebangsaan Melayu Singapura
317,IBRAHIM BIN JAFFAR,United People's Party
318,IBRAHIM BIN OTHMAN,People's Action Party
319,INDERJIT SINGH,People's Action Party
320,INDRANEE THURAI RAJAH,People's Action Party
321,INTAN AZURA BINTE MOKHTAR,People's Action Party
322,ISAAC  ARTHUR K.,Singapore Alliance
323,ISHAK BIN HAROUN,Singapore Democratic Alliance
324,ISMAIL BIN MOHD YAACOB,Workers' Party
325,ISWARAN  S.,People's Action Party
326,JABBAR  MOHAMED KASSIM ABDUL,People's Action Party
327,JAFFAR BIN ABDUL GHANI,Malay Union
328,JAGANATHAN SAMINATHAN,Independent
329,JAGATHEESAN KALIMUTHU,Independent
330,JAMAL BIN IDRIS,Pertubuhan Kebangsaan Melayu Singapura
331,JAMES  FRANK CAULFIELD,Progressive Party
332,JAMNADAS  JIWANBHAI MEHTA,Independent
333,JANTAN BIN TAIB,United People's Front
334,JAYAKUMAR SHUNMUGAM,People's Action Party
335,JEISILAN SIVALINGAM,National Solidarity Party
336,JEK YEUN THONG,People's Action Party
337,JEYARETNAM  JOSHUA BENJAMIN,Workers' Party
338,JEYARETNAM  KENNETH ANDREW,Reform Party
339,JIVABHAI  HASSAN ALI,Independent
340,JOHARI BIN SONTO,Partai Rakyat
341,JOHNSON  PATRICK JOSEPH,Labour Party
342,JOSEPH  ARTHUR,Independent
343,JOSEPH  T. T.,Independent
344,JOSEPH  VARGHESE,Singapore Justice Party
345,JUKRI BIN PARJO,Barisan Sosialis
346,JUMABHOY  JUMABHOY MOHAMED,Singapore People's Alliance
347,JUMABHOY  RAJABALI,Independent
348,KAMARUDDIN BIN HASSAN,United National Front
349,KANAGASABAI GOVINDAPILLAI MARUTHAMUTHOO,Independent
350,KANDASAMY GOVINDASAMY,People's Action Party
351,KANG MENG KIM,People's Action Party
352,KARTHIGESU MOOTATAMBY,Liberal Socialist Party
353,KARUPPIAH NALLIAH,Progressive Party
354,KASIM BIN IBRAHIM,United People's Front
355,KEE CHIN WAH  PATRICK,National Solidarity Party
356,KENG BAN EE BARNEY,Labour Front
357,KER SIN TZE,People's Action Party
358,KHALAFF ALBASWARYSHEIKH MOHSIN,Independent
359,KHAW BOON WAN,People's Action Party
360,KHEW PEE GING,Labour Front
361,KHO JIAK HIONG,Workers' Party
362,KHOO SIAW HUA,Liberal Socialist Party
363,KHOR LEAN SUAN  AMY,People's Action Party
364,KHUNG WAI YEEN GEROUS,Singapore Democratic Party
365,KOH CHIAT LIM,Singapore Alliance
366,KOH CHIT KIANG,Barisan Sosialis
367,KOH CHOON HONG,Singapore People's Alliance
368,KOH CHOONG YONG,Workers' Party
369,KOH LAM SON,People's Action Party
370,KOH LIP LIN,People's Action Party
371,KOH POH KOON,People's Action Party
372,KOH TEE KIN,Independent
373,KOH TIONG YEE LUKE,Workers' Party
374,KOO TSAI KEE,People's Action Party
375,KOO YOUNG,Barisan Sosialis
376,KOW KEE SENG,Independent
377,KRISHANAN PAKIRISAMY,Independent
378,KRISHNAN  P. V.,Labour Front
379,KULASINGHA  HOLLUPATHERAGE JAMES CALDERA,Independent
380,KUM TENG HOCK,National Solidarity Party
381,KUNJURAMAN  PAUL C.,United National Front
382,KWAN YUE KENG,Singapore Democratic Party
383,KWEK GUAN KWEE,Independent
384,KWEK HIAN CHUAN HENRY,People's Action Party
385,KWEK SAM HOCK,Singapore People's Alliance
386,LAI THA CHAI,People's Action Party
387,LAL BEHARI SINGH,Singapore Alliance
388,LAM CHIT LEE,Barisan Sosialis
389,LAM CHOCK CHUAN,Liberal Socialist Party
390,LAM HOCK CHYE,Labour Front
391,LAM JOON CHONG,Democratic Party
392,LAM PIN MIN,People's Action Party
393,LAM THIAN,Democratic Party
394,LAU LIAT MENG,Independent
395,LAU PING SUM PEARCE,People's Action Party
396,LAU POR TUCK  PETER,Barisan Sosialis
397,LAU SAI SENG,Liberal Socialist Party
398,LAU TEIK SOON,People's Action Party
399,LAU TOK KEONG,United People's Party
400,LAW KIM HWEE,Singapore People's Party
401,LAYCOCK  AMY,Progressive Party
402,LAYCOCK  CHRISTOPHER JOHN,Progressive Party
403,LAZAROUS  ANTHONY REBEIRO,Labour Front
404,LEE AH SEONG,Singapore Alliance
405,LEE BAH CHEE,Liberal Socialist Party
406,LEE BEE WAH,People's Action Party
407,LEE BOON YANG,People's Action Party
408,LEE CHEE SENG,Liberal Socialist Party
409,LEE CHIAW MENG,People's Action Party
410,LEE CHIN SIANG,Barisan Sosialis
411,LEE CHIN TECK,Singapore United Front
412,LEE CHOON ENG,Independent
413,LEE EK CHONG,Barisan Sosialis
414,LEE GECK HOON  ELLEN,People's Action Party
415,LEE HO KEE,Liberal Socialist Party
416,LEE HOCK HUAT  LINEKER,Singapore Democratic Alliance
417,LEE HONG CHUANG,People's Action Party
418,LEE HSIEN LOONG,People's Action Party
419,LEE HWEE YIOW,Labour Front
420,LEE JIAK SECK JOSEPH,United People's Party
421,LEE JUEN  MICHELLE,Singapore Democratic Party
422,LEE KAH CHIT RICHARD,United National Front
423,LEE KHEE LOONG,Singapore Alliance
424,LEE KHOON CHOY,People's Action Party
425,LEE KIM CHUAN,Singapore Alliance
426,LEE KIP HIANG,Liberal Socialist Party
427,LEE KOK LIANG,Liberal Socialist Party
428,LEE KUAN YEW HARRY,People's Action Party
429,LEE LI LIAN,Workers' Party
430,LEE MUN HUNG,Independent
431,LEE NAI CHOO,Independent
432,LEE POH CHEE,Singapore People's Alliance
433,LEE SIEW CHOH,Workers' Party
434,LEE SONG JUAN PATRICK,Singapore Democratic Alliance
435,LEE TECK HIM,People's Action Party
436,LEE TEE TONG,Barisan Sosialis
437,LEE THIAM CHUAN,Liberal Socialist Party
438,LEE TI SENG  DESMOND,People's Action Party
439,LEE TOW KIAT,Workers' Party
440,LEE TZE SHIH AUGUSTIN,People's Power Party
441,LEE WAI LENG,Workers' Party
442,LEE WEI RHEN  WARREN,People's Action Party
443,LEE YEONG WEE JIMMY,Singapore People's Party
444,LEE YEW SENG,Independent
445,LEE YI SHYAN,People's Action Party
446,LEE YIOK SENG,People's Action Party
447,LEE YOCK SUAN,People's Action Party
448,LEE YONG MIN,Labour Party
449,LEK POH SONG,Independent
450,LEO KENG FONG,People's Action Party
451,LEON-SOH  FELICE,Independent
452,LEONG FOON CHEW,Democratic Party
453,LEONG HORN KEE,People's Action Party
454,LEONG KENG SENG,Barisan Sosialis
455,LEONG KWAN FAI,Barisan Sosialis
456,LEONG MUN KWAI,People's Front
457,LEONG POH SENG,Liberal Socialist Party
458,LEONG SIEW CHOONG  PATRICK,Independent
459,LEONG YEW THONG,United Front
460,LEONG  HENRY,Labour Front
461,LER CHIN TEE,United People's Party
462,LEUNG WEI LIT  WILFRED,Singapore People's Party
463,LEW BAN HUAT,United National Front
464,LEW SYN PAU,People's Action Party
465,LEYU TAN JIB,United National Front
466,LIAM TIAN SENG,United People's Party
467,LIAN CHIN WAY,Workers' Party
468,LIANG ENG HWA,People's Action Party
469,LIAO PING  THOMAS,Malayan Chinese Association
470,LIEW KOK PUN MICHAEL,People's Action Party
471,LIM AH LEE,Liberal Socialist Party
472,LIM AH YONG PETER,National Solidarity Party
473,LIM ANG CHUAN,Barisan Sosialis
474,LIM BAK CHUAN  DESMOND,Singapore Democratic Alliance
475,LIM BIOW CHUAN,People's Action Party
476,LIM BOON HENG,People's Action Party
477,LIM BOON HENG BRYAN,Singapore Democratic Party
478,LIM CHEE ONN,People's Action Party
479,LIM CHENG LOCK,People's Action Party
480,LIM CHER KHENG,Independent
481,LIM CHIEN SEN,Barisan Sosialis
482,LIM CHIN SIONG,People's Action Party
483,LIM CHIU LIANG JOHN BAPTIST,Workers' Party
484,LIM CHOO SYE,Liberal Socialist Party
485,LIM CHOO TEN,Independent
486,LIM CHOON MONG,Independent
487,LIM CHUAN GEOK,Progressive Party
488,LIM CHUAN HOE  RICHARD,Independent
489,LIM CHUN LENG  MICHAEL,People's Action Party
490,LIM CHUNG MIN,United People's Party
491,LIM CHYE SENG,Democratic Party
492,LIM GUAN HOO,People's Action Party
493,LIM HNG KIANG,People's Action Party
494,LIM HOCK THIAM,Barisan Sosialis
495,LIM HUAN BOON,Barisan Sosialis
496,LIM HUAN SENG,Independent
497,LIM JEW KAN,Singapore Alliance
498,LIM KANG CHEW,Workers' Party
499,LIM KIA JOO,United National Front
500,LIM KIAN LEE,Progressive Party
501,LIM KIM HIAN,People's Action Party
502,LIM KIM KEE,Progressive Party
503,LIM KIM SAN,People's Action Party
504,LIM KOON TECK,Singapore Alliance
505,LIM LYE SOON,Workers' Party
506,LIM PENG ANN  RAYMOND,National Solidarity Party
507,LIM PENG KANG,United People's Party
508,LIM PENG YONG  JEFFREY,Singapore Democratic Alliance
509,LIM SECK TIONG  PETER,Progressive Party
510,LIM SEOW CHUAN JOHNNY,Labour Front
511,LIM SER PUAN,Singapore Alliance
512,LIM SIAK GUAN,Independent
513,LIM SIANG KEAT  RAYMOND,People's Action Party
514,LIM SIEW CHUAN ALAN,Labour Front
515,LIM SIEW EK,Malayan Chinese Association
516,LIM SIEW LAY,Liberal Socialist Party
517,LIM SOO PENG,People's Action Party
518,LIM SWEE LIAN  SYLVIA,Workers' Party
519,LIM SWEE SAY,People's Action Party
520,LIM TEAN,National Solidarity Party
521,LIM TEONG HOWE,Singapore Justice Party
522,LIM THIAM HOCK,People's Front
523,LIM TIK EN  DAVID,People's Action Party
524,LIM TIONG HOCK,Singapore United Front
525,LIM TONG ZHEN KEVRYN,National Solidarity Party
526,LIM TUNG HEE  ARTHERO,Singapore Democratic Alliance
527,LIM WEE KIAK,People's Action Party
528,LIM WEE TOH,Labour Front
529,LIM YEW HOCK,Singapore People's Alliance
530,LIM YONG BOCK,Democratic Party
531,LIM ZIRUI,Reform Party
532,LIM-TAN HWEE HUA,People's Action Party
533,LIN WO LING,Singapore People's Alliance
534,LIN YOU ENG,People's Action Party
535,LING HOW DOONG,Singapore Democratic Party
536,LINGAM  S. T. V.,Independent
537,LINGAM  SUPPIAH VISVA,People's Action Party
538,LO KA FAT ROBERT,Liberal Socialist Party
539,LOGANATHAN  N.,United National Front
540,LOH FOOK CHEONG,Workers' Party
541,LOH MENG SEE,People's Action Party
542,LOH MIAW GONG,Barisan Sosialis
543,LOH NGIAN LIM,Malayan Chinese Association
544,LOH WOON LEE  LINA,Singapore People's Party
545,LOH XIU WEN  CHERYL DENISE,Workers' Party
546,LOKE KWOK SANG,Malayan Chinese Association
547,LOKE WAN,United People's Party
548,LONG YAOGUANG  DON BRYAN,Singapore People's Party
549,LONG BIN ABDULLAH,United People's Front
550,LOO BAH CHIT,Singapore Alliance
551,LOO HOE BOCK  JESSE,Reform Party
552,LOO KA THIAM,United People's Party
553,LOW BOON KIAT,Independent
554,LOW CHIAK HUAN FRANKIE,Reform Party
555,LOW GUAN ONN,People's Action Party
556,LOW SENG WAN,United People's Party
557,LOW SEOW CHAY,People's Action Party
558,LOW SIAK MENG  ERIC,People's Action Party
559,LOW TECK CHENG,Katong United Residents' Association
560,LOW THIA KHIANG,Workers' Party
561,LOW WAI CHOO JANET,People's Power Party
562,LOW YEN LING,People's Action Party
563,LOW YONG NGUAN,Singapore Democratic Party
564,LOW  PENNY,People's Action Party
565,LUI BOON PHOR,United People's Party
566,LUI TUCK YEW,People's Action Party
567,LUO JIE  JARROD,Singapore Democratic Party
568,LYE THIAM FATT  JOSEPH VICTOR,People's Action Party
569,M. OLI MOHAMED MOHAMED KASSIM,Progressive Party
570,MAGANLAL GARANGAM,Independent
571,MAH BOW TAN,People's Action Party
572,MAHMOOD BIN LATIFF,Singapore People's Alliance
573,MAHMUD BIN AWANG,People's Action Party
574,MAIDEEN BIN AMEER BATCHA,Workers' Party
575,MAJID  MIRZA ABDUL,Independent
576,MAK PAK SHEE,Independent
577,MALLAL  NAZIR AHMAD,Progressive Party
578,MAMMEN  JOHN,People's Action Party
579,MANICKAVASAGAR SUBRAMANIAM,Liberal Socialist Party
580,MANOKARAN  P.,Barisan Sosialis
581,MANYAM  SHUNMUGH SUBRA,Labour Party
582,MANYAM  STELLA,Independent
583,MARIADASS  STANLEY,Independent
584,MARIAPPAN VERAPPAN,Independent
585,MARSH  EDMUND RICHARD,Workers' Party
586,MARSHALL  DAVID SAUL,Independent
587,MASAGOS ZULKIFLI BINMASAGOS MOHAMAD,People's Action Party
588,MD SIDEK BIN MALLEK,Singapore Democratic Party
589,MENON  VILASINI,Independent
590,MITRA  A. N.,Labour Front
591,MOHAMAD ABDILLAH BIN ZAMZURI,Singapore People's Party
592,MOHAMAD FAHMI BIN AHMAD RAIS,Singaporeans First
593,MOHAMAD GHAZALI BIN ISMAIL,People's Action Party
594,MOHAMAD HAMIM BIN ALIYAS,Singapore People's Party
595,MOHAMAD MAIDIN BINPACKER MOHD,People's Action Party
596,MOHAMAD SANI BIN JAN,Independent
597,MOHAMED AFFENDY BINABDUL RAHIM,National Solidarity Party
598,MOHAMED ALI  SENA ANA,Independent
599,MOHAMED ARIFF BIN SURADI,People's Action Party
600,MOHAMED DALI BIN MUIN,Pan-Malayan Islamic Party
601,MOHAMED ELIAS BIN IBRAHIM,United National Front
602,MOHAMED FAIROZ BIN SHARIFF,Workers' Party
603,MOHAMED FAZLI BIN TALIP,Workers' Party
604,MOHAMED IBRAHIM BINMOHD KASSIM,Singapore Congress
605,MOHAMED ISA BIN ABDUL AZIZ,Singapore Democratic Party
606,MOHAMED ISMAIL BIN ABDUL RAHIM,People's Action Party
607,MOHAMED JUFRIE BIN MAHMOOD,Singapore Democratic Party
608,MOHAMED MANSOR BINABDUL RAHMAN,Reform Party
609,MOHAMED SANI BIN AHMAD,United People's Front
610,MOHAMED SHARIFF BIN DOLLAH,United People's Party
611,MOHAMED SHARIFF BIN YAHYA,Singapore Democratic Party
612,MOHAMED SIDIK BIN ABDUL HAMID,United Malays National Organisation
613,MOHAMED TAHA BIN SUHAIMI,Pan-Malayan Islamic Party
614,MOHAMED BIN AWANG,Pertubuhan Kebangsaan Melayu Singapura
615,MOHAMED BIN HAJI YACOB,Singapore Alliance
616,MOHAMED BIN IDRIS,Workers' Party
617,MOHAMMAD SHAFNI BIN AHMAD,Singapore Democratic Alliance
618,MOHAMMED ALI BIN ALWI,Singapore Alliance
619,MOHAMMED AZIZ BIN IBRAHIM,Singapore Democratic Party
620,MOHAMMED ISMAIL BINHAJI MOHAMMED HUSSAIN,Liberal Socialist Party
621,MOHAMMED MALIKI BIN OSMAN,People's Action Party
622,MOHD ARIF BIN SAHUL HAMEED,United National Front
623,MOHD KHALIT BIN MOHD BABOO,Workers' Party
624,MOHD MANSOR BIN SUKAIMI,People's Action Party
625,MOHD RAHIZAN BIN YAACOB,Workers' Party
626,MOHD TAIB BIN SAFFAR,Workers' Party
627,MUDA MUHAMED BIN MAHMUD,Malay Union
628,MUHAMAD ALI BIN AMAN,Singapore Democratic Alliance
629,MUHAMAD FAISAL BIN ABDUL MANAP,Workers' Party
630,MUHAMMAD FAISHAL BINIBRAHIM KHAN SURATTEE,People's Action Party
631,MUNJEET SINGH,United People's Front
632,MURALIDHARAN PILLAI KUMJAN,People's Action Party
633,MURUGASON RAJARATNAM,Workers' Party
634,MURUGASON  SARASWATHY,Workers' Party
635,N. M. BIN ABDUL WAHID,United National Front
636,NADARAJAH MUNUSAMY,Singapore People's Alliance
637,NAIR  KRISHNAN K.,Barisan Sosialis
638,NAIR  MADAI PUTHAN DAMODARAN,Workers' Party
639,NAIR  VELLEKAT KESAVAN,Labour Party
640,NAIR  VIKRAM,People's Action Party
641,NAMAZIE  MOHAMED JAVAD,Independent
642,NARAYANASAMY GOGELAVANY MONICA KUMAR,Singapore Democratic Party
643,NATHAN  PANDARAPILLAI THILLAI,Independent
644,NEO CHOON AIK MAURICE,Workers' Party
645,NEO GUAN CHOO,Singapore Alliance
646,NEO HAY CHAN,United People's Party
647,NEO KOON HIN ANTHONY,Independent
648,NEO TAI KIM,Independent
649,NEO TING WEI  CHRISTOPHER,National Solidarity Party
650,NEO  LILY TIRTASANA,People's Action Party
651,NETTO  ANTHONY PECCI,Independent
652,NG AH CHUE,Barisan Sosialis
653,NG CHEE MENG,People's Action Party
654,NG CHEE SEN,United People's Party
655,NG CHENG CHWEE,Singapore Alliance
656,NG CHUNG HON SPENCER,National Solidarity Party
657,NG ENG HEN,People's Action Party
658,NG FOO ENG DYLAN,Workers' Party
659,NG HO,Barisan Sosialis
660,NG HUI SIM,Barisan Sosialis
661,NG KAH TING,People's Action Party
662,NG KEE HOW HOWARD,Singapore Democratic Alliance
663,NG KOK KWANG  LOUIS,People's Action Party
664,NG KONG WAH  JOHNNIE,United National Front
665,NG KWEE LIM,United Front
666,NG LEP CHONG,Singapore United Front
667,NG NGEONG YEW,Barisan Sosialis
668,NG OH CHEW,United National Front
669,NG PHEK HOONG  IRENE,People's Action Party
670,NG POCK TOO,People's Action Party
671,NG SAY ENG EDMUND,Singapore Democratic Alliance
672,NG SEE THONG,Independent
673,NG SEN CHOY,Democratic Party
674,NG SENG CHUA,Barisan Sosialis
675,NG SOON HEE,United National Front
676,NG TECK SIONG,Workers' Party
677,NG TEIK SIM,Liberal Socialist Party
678,NG TENG KIAN,Independent
679,NG TEO JOO,United People's Party
680,NG YANG CHOO,Barisan Sosialis
681,NG YEOW CHONG,People's Action Party
682,NGEOW PACK HUA,People's Action Party
683,NGERNG YI LING  ROY,Reform Party
684,NGOEI SOON ON JOHN,Workers' Party
685,NGOH ENG KOK,Independent
686,NIDDY  GOVINDASAMY KARUNA,Independent
687,NOR LELLA MARDIIIAH BINTE MOHAMED,National Solidarity Party
688,NORAINI BINTE YUNUS,Reform Party
689,NORMAH BINTE YAHYA,Workers' Party
690,NUGAWELA  NARENDRA GERALD,Independent
691,OEHLERS  FREDERICK BERNARD,Labour Party
692,OH SU CHEN,People's Action Party
693,OMAR BIN NINGGAL,United National Front
694,ONG AH HENG,People's Action Party
695,ONG BENG SOON  ELVIN,National Solidarity Party
696,ONG CHANG SAM,Barisan Sosialis
697,ONG CHIT CHUNG,People's Action Party
698,ONG CHYE HOCK,Independent
699,ONG ENG GUAN,United People's Party
700,ONG ENG LIAN,Liberal Socialist Party
701,ONG HOCK SIANG,Barisan Sosialis
702,ONG HOCK SIONG,National Solidarity Party
703,ONG JIN TECK,United People's Party
704,ONG KAH SENG,National Solidarity Party
705,ONG KIAN MIN,People's Action Party
706,ONG KIM HUAT  DAVID,People's Action Party
707,ONG LEONG BOON,People's Action Party
708,ONG LIAN TENG,Barisan Sosialis
709,ONG LIP HUA,Liberal Socialist Party
710,ONG PANG BOON,People's Action Party
711,ONG PHI HOCK,Singapore People's Alliance
712,ONG SAY YEO,Liberal Socialist Party
713,ONG SEH HONG,People's Action Party
714,ONG SENG KOK,United National Front
715,ONG SENG KWE,National Solidarity Party
716,ONG SOO CHUAN,People's Action Party
717,ONG TEIK SENG,Singapore Democratic Alliance
718,ONG TENG CHEONG,Presidential Office
719,ONG TENG KOON,People's Action Party
720,ONG TIONG KUAN,United People's Party
721,ONG YE KUNG,People's Action Party
722,ONG YU THOH,Independent
723,OOI BOON EWE STEPHEN,Independent
724,OON KHENG FAYE  ANGELA,Workers' Party
725,OORJITHAM  PHILEMON,Barisan Sosialis
726,OSMAN BIN ABDUL GANI,United Malays National Organisation
727,OSMAN BIN SULAIMAN,Reform Party
728,OTHMAN BIN ABDULLAH,Workers' Party
729,OTHMAN BIN HARON EUSOFE,People's Action Party
730,OTHMAN BIN WOK,People's Action Party
731,OW CHIN HOCK,People's Action Party
732,PADMANABHAN  VALATH SANKUNNY,Independent
733,PAGLAR  CHARLES JOSEPH PEMBERTON,Progressive Party
734,PAGLAR  WINSTON J.,United National Front
735,PAKIRISAMY  V. VAYLOO,Progressive Party
736,PALMER  MICHAEL ANTHONY,People's Action Party
737,PAN CHENG LUAN,United People's Party
738,PAN TIEK TAI,United People's Party
739,PANG KIM HIN,People's Action Party
740,PANG MAN MING,Liberal Socialist Party
741,PANG TONG KHIAM JOHN,Liberal Socialist Party
742,PANG TOON TIN PETER,Partai Rakyat
743,PARAMBIL  J. GEORGE V.,Independent
744,PECK BOON KANG,Liberal Socialist Party
745,PEH CHIN HUA,People's Action Party
746,PEK CHENG CHUAN,Liberal Socialist Party
747,PEREIRA  JOAN,People's Action Party
748,PERERA  LEON,Workers' Party
749,PERUMAL  SUNDARAJULU LAKSHMANA,Liberal Socialist Party
750,PHANG JUET HAW,People's Front
751,PHEY YEW KOK,People's Action Party
752,PHILEMON  RAVI,Singapore People's Party
753,PHUA BAH LEEQ,People's Action Party
754,PHUA GEK BOON,United People's Party
755,PHUA LAY PENG  DENISE,People's Action Party
756,PHUA SIOK GEK  CYNTHIA,People's Action Party
757,PHUA SOON LIAN,Barisan Sosialis
758,PIARO LACHHU S.,United People's Front
759,PILLAI  MALATHI,Independent
760,PILLAY  SANDY GURUNATHAN,Progressive Party
761,PNG ENG HUAT,Workers' Party
762,POA KOON KOON  HAZEL,National Solidarity Party
763,POH BER LIAK,Barisan Sosialis
764,POH LEE GUAN,Workers' Party
765,POK LEE CHUEN,National Solidarity Party
766,PONNUSAMY ANTHONY,Independent
767,POON WENG YING,United People's Party
768,PRITAM SINGH,Workers' Party
769,PUTHUCHEARY  JANIL ARUSHA,People's Action Party
770,PWEE YEK KWAN  BENJAMIN,Singapore People's Party
771,QUAH HECK PECK,Liberal Socialist Party
772,QUEK DOH LAM,Workers' Party
773,QUEK TEOW CHUAN,Singapore United Front
774,RAHAYU BINTE MAHZAM,People's Action Party
775,RAHIM KHAN  M. ABDUL,Independent
776,RAHMAT BIN KENAP,People's Action Party
777,RAJA ROM BIN RAJA JAAFAR,United National Front
778,RAJAH  ARUMUGAN PONNU,Singapore Alliance
779,RAJARATNAM SINNATHAMBY,People's Action Party
780,RAJARATNAM VAITHILINGAM,Labour Party
781,RAJASEKARAN K. S. MANIYAM,"Justice Party, Singapore"
782,RAMANATHAN  SELLAPAN,Presidential Office
783,RAMASAMY MUTHUSAMY,"Justice Party, Singapore"
784,RAMASAMY  P.,Labour Front
785,RAMASWAMY SELLAPPA,People's Action Party
786,RASIAH THIAGARAJAH,National Solidarity Party
787,RAVI MADASAMY,Reform Party
788,RAVINDRAN RAMASAMY,People's Action Party
789,RAYNER  LESLIE,Singapore People's Alliance
790,REDZWAN HAFIDZ BIN ABDUL RAZAK,Workers' Party
791,RENGASAMY  O. SUBRAMANIAM,Workers' Party
792,REVEENDRAN SASI,Singapore United Front
793,RICHARDS  THOMAS DAVIES,Labour Party
794,ROBERTSON  DUNCAN,Progressive Party
795,RODRIGO  LEONARD PETER,People's Action Party
796,RODRIGUES  BERNARD,People's Action Party
797,ROHAN BIN KAMIS,People's Action Party
798,ROSLAN BIN HASSAN,People's Action Party
799,S. A. LATIFF,United National Front
800,SADASIVAM VERIYAH,Singapore Democratic Party
801,SAHID BIN SAHOOMAN,Pertubuhan Kebangsaan Melayu Singapura
802,SAHORAH BINTE AHMAT,People's Action Party
803,SAID BIN JALI,Barisan Sosialis
804,SAIDI BIN SHARIFF,People's Action Party
805,SAJEEV KUNJU RAMAN KAMALASANAN,Workers' Party
806,SAKTIANDI BIN SUPAAT,People's Action Party
807,SALEHA BINTE MOHAMED SHAH,Partai Rakyat
808,SALLEH BIN MOHD BAWTHAN,Pertubuhan Kebangsaan Melayu Singapura
809,SAM TAI GUAN,Singapore Alliance
810,SAMIR SALIM NEJI,Independent
811,SARDON BIN JUBIR,Independent
812,SARRY BIN HASSAN,Singapore Democratic Party
813,SCHARENGUIVEL  ROYSTON GEORGE,Workers' Party
814,SEAH KIAN PENG,People's Action Party
815,SEAH MUI KOK,People's Action Party
816,SEAH PENG CHUAN,Citizens' Party
817,SEAH XUE LING  NICOLE REBECCA,National Solidarity Party
818,SEE ENG KIAT,Labour Front
819,SEET AI MEE,People's Action Party
820,SELVADURAI PATHMANABAN,People's Action Party
821,SENG HAN THONG,People's Action Party
822,SEOW CHUAN HOCK  ASHLEIGH,Singapore Democratic Party
823,SEOW KHEE LENG CHARLIE,Workers' Party
824,SEOW TIANG SIEW  FRANCIS,Workers' Party
825,SEOW YONG CHEW,Workers' Party
826,SHA'ARI BIN TADIN,People's Action Party
827,SHAIK AHMAD BIN ABDUL HALEEM,People's Action Party
828,SHAIKH AHMAD BIN SHAIKH SALIM,United People's Front
829,SHAMSUL KAMAR BINMOHAMED RAZALI,People's Action Party
830,SHANMUGAM KASIVISWANATHAN,People's Action Party
831,SHENG NAM CHIN,People's Action Party
832,SHUKOOR  ABDUL L.,Independent
833,SIA KAH HUI,People's Action Party
834,SIA KHOON SEONG LAWRENCE,People's Action Party
835,SIDEK BIN SANIFF,People's Action Party
836,SIEK SHING MIN,Barisan Sosialis
837,SIM AH LENG,Singapore United Front
838,SIM ANN,People's Action Party
839,SIM BENG SENG,Independent
840,SIM BOON WOO ROBIN,People's Action Party
841,SIM CHIT GIAK,Barisan Sosialis
842,SIM CHO LANG,Liberal Socialist Party
843,SIM KENG POH  JOHN,Independent
844,SIM PENG KIM,Singapore United Front
845,SIM SAY CHUAN,Workers' Party
846,SIM SWEE SENG,Labour Front
847,SIM TIAN HOCK ADRIAN,Workers' Party
848,SIM WEE TECK,Singapore People's Alliance
849,SIMON  T. A.,Independent
850,SIN BOON ANN,People's Action Party
851,SIN KEK TONG,Singapore People's Party
852,SINNAKARUPPAN C. RAMASAMY,People's Action Party
853,SIOW SIANG YEW,Independent
854,SIOW WEI MIN  BRANDON,Workers' Party
855,SITA  GEORGE,Singapore Democratic Party
856,SITOH YIH PIN,People's Action Party
857,SIVA CHANDRAN,Reform Party
858,SIVAKUNALENDHORAISINGAM SAMUEL,Singapore Democratic Party
859,SNG CHOON GUAN GERALD,Singapore Democratic Party
860,SNG SIAK HWEE,Democratic Party
861,SNODGRASS  JOHN ANTHONY,Liberal Socialist Party
862,SOH C. S.,Independent
863,SOH GHEE SOON,Singapore People's Alliance
864,SOH GUAN SOON DARREN,Reform Party
865,SOH TECK CHEE,Citizens' Party
866,SOH U LOH,United People's Party
867,SOMASUNDARAM  L.,Workers' Party
868,SOO BAN HOE,Singapore Alliance
869,SOO-THO SIU HEE MICHAEL,Independent
870,SOON DIT WOO,Barisan Sosialis
871,SOON KIA SENG,Singapore Democratic Party
872,SOON SENG KAY  SIDNEY,Singapore Democratic Alliance
873,STEVENS  D.,Labour Party
874,SUBRAHMANYAM CHINNIAH,Liberal Socialist Party
875,SUIB BIN ABDUL RAHMAN,Singapore Justice Party
876,SUKAIMI BIN IBRAHIM,United Malays National Organisation
877,SUKHDEV SINGH GILL,Singaporeans First
878,SULAIMAN BIN JAFFAR,Singapore Justice Party
879,SULTAN MYDIN BIN ABDUL HAMID,United National Front
880,SUM CHONG MENG,Workers' Party
881,SUN XUELING @ SOON SHER RENE,People's Action Party
882,SUNDRAM  A. L.,Workers' Party
883,SUNG  PETER,People's Action Party
884,SUNN SUN  KEN,National Solidarity Party
885,SYAFARIN BIN SARIF,People's Power Party
886,SYED AHMAD BIN SYED HUSAIN DAHLAN,United National Front
887,SYED ALI BIN ZEDHA ALSAGOFF,United Malays National Organisation
888,SYED FARID BIN WAJIDI,Singapore People's Party
889,SYED OMAR BINABDULRAHMAN ALSAGOFF,Liberal Socialist Party
890,SZE YIH HWA,People's Action Party
891,TAMBYAH  PAUL ANANTHARAJAH,Singapore Democratic Party
892,TAN AH LEK  WILLIAM,Independent
893,TAN AH PAK,Liberal Socialist Party
894,TAN AH TENG,Independent
895,TAN BIN SENG,Workers' Party
896,TAN BOON WAN,People's Action Party
897,TAN CHEE KIEN,National Solidarity Party
898,TAN CHENG BOCK ADRIAN,Presidential Office
899,TAN CHENG CHUAN,Liberal Socialist Party
900,TAN CHENG SAN,People's Action Party
901,TAN CHENG TONG,Barisan Sosialis
902,TAN CHEOW HOCK,Barisan Sosialis
903,TAN CHIN SIONG SAM,People's Action Party
904,TAN CHOON SING,United People's Party
905,TAN CHOON TENG,Citizens' Party
906,TAN CHOR YONG JOHN,United Democratic Party
907,TAN CHUAN JIN,People's Action Party
908,TAN CHYE CHENG,Progressive Party
909,TAN EK KHOO,Liberal Socialist Party
910,TAN ENG JOO,Democratic Party
911,TAN ENG LIANG,People's Action Party
912,TAN EWE CHEE,Labour Front
913,TAN HAI TONG,Independent
914,TAN HENG CHONG  ERIC,Workers' Party
915,TAN HOCK LIM,Singapore Alliance
916,TAN HONG CHYE,Liberal Socialist Party
917,TAN HUI HENG  AUGUSTINE,People's Action Party
918,TAN JEE SAY,Singaporeans First
919,TAN JIN HONG,Singapore Alliance
920,TAN JING QUEE,Barisan Sosialis
921,TAN JUE KIT,United People's Front
922,TAN JUN YEN  RON,Workers' Party
923,TAN KENG HONG TONY,Singapore Democratic Alliance
924,TAN KENG SIONG,Liberal Socialist Party
925,TAN KENG YAM  TONY,Presidential Office
926,TAN KHIANG KHOO,Democratic Party
927,TAN KIA GAN,People's Action Party
928,TAN KIAN HWEE  MELVIN,Workers' Party
929,TAN KIAN KEE,Singapore People's Alliance
930,TAN KIM CHUANG,Independent
931,TAN KIN LIAN,Presidential Office
932,TAN KOK SIONG,Singapore Alliance
933,TAN LAY THIAM  TONY,National Solidarity Party
934,TAN LEAD SHAKE,Singapore Democratic Alliance
935,TAN LEONG TECK,Liberal Socialist Party
936,TAN LI CHERN  TERENCE,Workers' Party
937,TAN LIANG JOO  JOHN,Singapore Democratic Party
938,TAN LIP FONG  DENNIS,Workers' Party
939,TAN PENG ANN,Singaporeans First
940,TAN PENG KHOO,Liberal Socialist Party
941,TAN PENG SEAH,United People's Party
942,TAN POH SENG ROBERT,Workers' Party
943,TAN SIM HOCK,People's Front
944,TAN SIM HONG,Liberal Socialist Party
945,TAN SONG GEK,Workers' Party
946,TAN SOO KHOON,People's Action Party
947,TAN SOO PHUAN,Democratic Progressive Party
948,TAN SOO WAN,Liberal Socialist Party
949,TAN SOON NEO  JESSICA,People's Action Party
950,TAN SWEE HUAT,United People's Party
951,TAN TECK NGIAP,People's Action Party
952,TAN TEE YONG  PHILIP,People's Action Party
953,TAN THENG CHIANG,Singapore People's Alliance
954,TAN TIANG HOE  JIMMY,Singapore Democratic Party
955,TAN WAH MENG,Democratic Party
956,TAN WU MENG,People's Action Party
957,TAN WUI HUA,Workers' Party
958,TAN YONG SIN,Workers' Party
959,TAN ZHI XIANG ALEX,Reform Party
960,TAN  LILIAN,Liberal Socialist Party
961,TAN-LEE MO CHUN  DIXIE,People's Action Party
962,TANG BENG CHEONG,Independent
963,TANG GUAN SENG,People's Action Party
964,TANG LIANG HONG,Workers' Party
965,TANG PENG YEU,Labour Front
966,TANG SEE CHIM,People's Action Party
967,TANG SONG KHIANG,Workers' Party
968,TANG YOONG CHIAW,Partai Rakyat
969,TANN WEE TIONG,Barisan Sosialis
970,TAY BOON TOO,People's Action Party
971,TAY CHECK YAW,Partai Rakyat
972,TAY CHENG KANG,Barisan Sosialis
973,TAY ENG SOON,People's Action Party
974,TAY HOON,Singapore Democratic Party
975,TAY KHENG HOCK,Independent
976,TAY KIM OH,Workers' Party
977,TAY KIM SUN,People's Action Party
978,TAY MOOK YONG,Independent
979,TAY SOO YONG,Independent
980,TAY TECK GUAN  PATRICK,People's Action Party
981,TAY  THOMAS ANTHONY,United People's Front
982,TEE KIM LENG,People's Action Party
983,TEH CHEANG WAN,People's Action Party
984,TENG LING SIONG,Singapore People's Alliance
985,TEO CHEE HEAN,People's Action Party
986,TEO CHENG HYE,Singapore People's Alliance
987,TEO CHONG TEE,People's Action Party
988,TEO HO PINI,People's Action Party
989,TEO HOCK GUAN,Barisan Sosialis
990,TEO HUP TECK,People's Action Party
991,TEO KIM HOE,United People's Front
992,TEO KOH BEE,Liberal Socialist Party
993,TEO KWAY HUANG  SEBASTIAN,National Solidarity Party
994,TEO SENG BEE,Malayan Chinese Association
995,TEO SER LUCK,People's Action Party
996,TEO SOH LUNG,Singapore Democratic Party
997,TEO-YONG LI MIN  JOSEPHINE,People's Action Party
998,TEONG ENG SIONG,People's Action Party
999,THARMAN SHANMUGARATNAM,People's Action Party
1000,THENG CHIN ENG,Singapore Justice Party
1001,THEVAR  JOHN SANTHIRASEKARANP. M.,United People's Front
1002,THIO CHAN BEE,Singapore Alliance
1003,THIO KHENG LOCK,Barisan Sosialis
1004,THOMAS  FRANCIS,Labour Front
1005,THOMAS  KONNOLIL C.,Singapore People's Alliance
1006,THUAN PAIK PHOK,United People's Party
1007,TIN PEI LING,People's Action Party
1008,TOH CHIN CHYE,People's Action Party
1009,TOH HONG BOON,Workers' Party
1010,TOH KENG THONG TERENCE,Workers' Party
1011,TOH KIM KIAT,Singapore Democratic Party
1012,TOH SEE KIAT,People's Action Party
1013,TOH SENG SIT,Democratic Party
1014,TOK KIM YAM  ALEC,Singapore Democratic Party
1015,TONG CHUN FAI  EDWIN CHARLES,People's Action Party
1016,TONG MENG CHYE ROBIN,Singapore Democratic Alliance
1017,TONG TZEE KWANG  PERRY,Workers' Party
1018,TUNG TAO CHANG  SHUMS SHAMSUDDIN,United Front
1019,UMAR BIN ABDUL HAMID,People's Action Party
1020,UN HON KUN,Barisan Sosialis
1021,UNNITHAN  C. T. B.,Independent
1022,VANGADASLAM JAYARAM,Malayan Indian Congress
1023,VASOO SUSHILAN,People's Action Party
1024,VETRIVELU RENGASWAMY,United National Front
1025,VIGNESWARI V. RAMACHANDRAN,Reform Party
1026,VIVIAN BALAKRISHNAN,People's Action Party
1027,VYTHALINGAM  V.,United People's Party
1028,WAN HUSSIN BIN ZOOHRI,People's Action Party
1029,WAN SOON BEE,People's Action Party
1030,WANG CHUNG KWANG,Independent
1031,WANG KAI YUEN,People's Action Party
1032,WANG TSUN HAO BERNARD,Workers' Party
1033,WANJOR BIN ABUBAKAR,Pan-Malayan Islamic Party
1034,WEE HAN KIM,Workers' Party
1035,WEE KIA ENG,Workers' Party
1036,WEE KIM HOCK,Citizens' Party
1037,WEE LAI SENG  JOHNNY,United Front
1038,WEE SIAN BENG  ERIC,Singapore People's Alliance
1039,WEE SIEW KIM,People's Action Party
1040,WEE SOO BEE,Liberal Socialist Party
1041,WEE SWEE HONG,Liberal Socialist Party
1042,WEE TIN TECK,Liberal Socialist Party
1043,WEE TOON BOON,People's Action Party
1044,WEE TOON LIP,Barisan Sosialis
1045,WEERAPPULLI K. W. B.,United Front
1046,WIJEYSINGHA  VINCENT RENE,Singapore Democratic Party
1047,WILLIAMS  PETER MASSILLAMANY,Labour Party
1048,WILLIAMS  PHILIP RAJANAYAM,Labour Party
1049,WONG CHEE LIM,Independent
1050,WONG CHEE WAI GREGORY,Singaporeans First
1051,WONG CHIN SEN,Singapore Alliance
1052,WONG CHUN CHOI,People's Action Party
1053,WONG CHUNG KIT,United Front
1054,WONG FOO NAM,Malayan Chinese Association
1055,WONG HONG TOY,Singapore Democratic Party
1056,WONG KAN SENG,People's Action Party
1057,WONG KONG HOA,People's Front
1058,WONG KUI YU,United Front
1059,WONG KWEI CHEONG,People's Action Party
1060,WONG LIN KEN,People's Action Party
1061,WONG PENG TUCK,Liberal Socialist Party
1062,WONG SAU SHEUNG,Labour Front
1063,WONG SHIAN YEIN,Democratic Party
1064,WONG SHYUN TSAI  LAWRENCE,People's Action Party
1065,WONG SOON FONG,Barisan Sosialis
1066,WONG SOON HONG,Singaporeans First
1067,WONG SOUK YEE,Singapore Democratic Party
1068,WONG SWEE KEE,Independent
1069,WONG TUCK LEONG,Singapore Alliance
1070,WONG WAY WENG SUNNY,Singapore Democratic Alliance
1071,WONG WEE NAM,National Solidarity Party
1072,WONG WEN NAM,People's Front
1073,WONG YEW HON,Singapore People's Alliance
1074,WONG-KAN LAI CHUNG  ALINE,People's Action Party
1075,WOO KONG SENG,United People's Party
1076,WU KHER,Workers' Party
1077,WU MOH CHYE,Singapore Alliance
1078,WU SHIAW,Independent
1079,YA'ACOB BIN MOHAMED,People's Action Party
1080,YAACOB BIN IBRAHIM,People's Action Party
1081,YADZETH BIN HAIRIS,National Solidarity Party
1082,YAHIYA BIN HAJI MOHAMED GHOUSE,United National Front
1083,YAHYA BIN MOHAMMAD NOOR,Independent
1084,YAM POH NAM JOHN,Workers' Party
1085,YAM ZIMING  ALEX,People's Action Party
1086,YAO CHIH  MATTHIAS,People's Action Party
1087,YAP CHIN CHOON,Singapore People's Alliance
1088,YAP CHIN POH,Singapore People's Alliance
1089,YAP FATT SHING,United National Front
1090,YAP GIAU CHENG  EUGENE,People's Action Party
1091,YAP JIN YAU,Singapore People's Alliance
1092,YAP PHENG GECK,Singapore Alliance
1093,YAP TEAN HOCK,Labour Front
1094,YATIMAN BIN YUSOF,People's Action Party
1095,YAW SHIN LEONG,Workers' Party
1096,YEE CHIA HSING,People's Action Party
1097,YEE JENN JONG,Workers' Party
1098,YEN JEN SAN,Citizens' Party
1099,YEN KIM KHOOI,Singapore Democratic Alliance
1100,YEO BOON KENG  VINCENT,Singapore Democratic Alliance
1101,YEO CHEOW TONG,People's Action Party
1102,YEO CHOO KOK,People's Action Party
1103,YEO GUAT KWANG,People's Action Party
1104,YEO KENG WEE,United People's Party
1105,YEO KHIRN HAI  ALVIN,People's Action Party
1106,YEO NING HONG,People's Action Party
1107,YEO REN YUAN EUGENE,National Solidarity Party
1108,YEO TEO BOK,Singapore Alliance
1109,YEO TIONG BOON IVAN,National Solidarity Party
1110,YEO TOON CHIA,People's Action Party
1111,YEO YONG BOON  GEORGE,People's Action Party
1112,YEOH GHIM SENG,People's Action Party
1113,YIP SAI WENG,People's Action Party
1114,YIP YEW WENG,National Solidarity Party
1115,YONG AH KAU,United People's Party
1116,YONG CHOON POH PAUL,National Solidarity Party
1117,YONG CHU LEONG FRANCIS,Singapore Democratic Party
1118,YONG NYUK KHOON,Liberal Socialist Party
1119,YONG NYUK LIN,People's Action Party
1120,YONG WAN KIT,United People's Party
1121,YONG YIK CHYE  MELVIN,People's Action Party
1122,YU-FOO YEE SHOON,People's Action Party
1123,ZAINAL ABIDEN BIN MOHAMED ALI,Workers' Party
1124,ZAINAL BIN SAPARI,People's Action Party
1125,ZAINUDIN BIN NORDIN,People's Action Party
1126,ZAINUL ABIDDIN BIN MOHD SHAH,Workers' Party
1127,ZAINUL ABIDIN BINMOHAMED RASHEED,People's Action Party
1128,ZAKOO  SAUL HUGH,Labour Front
1129,ZAQY BIN MOHAMAD,People's Action Party
1130,ZENG GUOYUAN,Workers' Party
1131,ZHU LAICHENG ANDY,Reform Party
1132,ZULKIFLI BIN MOHAMMED,People's Action Party
